<?xml version="1.0" encoding="utf-8"?>
<beans xmlns="http://www.springframework.org/schema/beans"
	xmlns:xsi="http://www.w3.org/2001/XMLSchema-instance" xmlns:context="http://www.springframework.org/schema/context"
	xmlns:tx="http://www.springframework.org/schema/tx"
	xsi:schemaLocation="http://www.springframework.org/schema/beans http://www.springframework.org/schema/beans/spring-beans-2.5.xsd
				http://www.springframework.org/schema/context http://www.springframework.org/schema/context/spring-context-2.5.xsd
				http://www.springframework.org/schema/tx http://www.springframework.org/schema/tx/spring-tx-2.5.xsd">

	<!-- 启用注解扫描 -->
	<context:annotation-config />

	<!-- 配置数据源 -->
	<bean id="dataSource" class="org.apache.commons.dbcp.BasicDataSource"
		destroy-method="close">
		<property name="driverClassName" value="org.gjt.mm.mysql.Driver" />
		<property name="url"
			value="jdbc:mysql://localhost:3306/coproject?useUnicode=true&amp;characterEncoding=utf-8" />
		<property name="username" value="root"></property>
		<property name="password" value="1234"></property>
		<!-- 连接池启动时的初始值 -->
		<property name="initialSize" value="3" />
		<!-- 连接池的最大值 -->
		<property name="maxActive" value="500" />
		<!-- 最大空闲值.当经过一个高峰时间后，连接池可以慢慢将已经用不到的连接慢慢释放一部分，一直减少到maxIdle为止 -->
		<property name="maxIdle" value="2" />
		<!--  最小空闲值.当空闲的连接数少于阀值时，连接池就会预申请去一些连接，以免洪峰来时来不及申请 -->
		<property name="minIdle" value="1" />
	</bean>

	<!-- 配置会话工厂(Spring数据源内容) -->
	<bean id="sessionFactory"
		class="org.springframework.orm.hibernate3.LocalSessionFactoryBean">
		<!-- 设置数据源 -->
		<property name="dataSource" ref="dataSource" />
		<!--Spring接管了hibernate对象映射文件 -->
		<property name="mappingResources">
			<list>
				<value>com/ldn/domain/Staff.hbm.xml</value>
				<value>com/ldn/domain/Manager.hbm.xml</value>
				<value>com/ldn/domain/Ads.hbm.xml</value>
			</list>
		</property>
		<property name="hibernateProperties">
			<value>
				hibernate.dialect=org.hibernate.dialect.MySQLDialect
				hibernate.hbm2ddl.auto=update
				hibernate.show_sql=false
				hibernate.cache.use_second_level_cache=true
				hibernate.cache.provider_class=org.hibernate.cache.EhCacheProvider
				hibernate.generate_statistics=true	
	 </value>
		</property>
	</bean>

	<bean id="staffService" class="com.ldn.service.imp.StaffService">
		<property name="sessionFactory" ref="sessionFactory" />
	</bean>
	<bean id="managerService" class="com.ldn.service.imp.ManagerService">
		<property name="sessionFactory" ref="sessionFactory" />
	</bean>
	<bean id="adsService" class="com.ldn.service.imp.AdsService">
		<property name="sessionFactory" ref="sessionFactory" />
	</bean>

	<!-- 配置action-->
	<bean name="/login" scope="prototype" class="com.ldn.web.action.LoginAction" />
	<bean name="/register" class="com.ldn.web.action.RegisterAction">
		<property name="staffService" ref="staffService" />
	</bean>
	<bean name="/edit" class="com.ldn.web.action.EditAction">
		<property name="staffService" ref="staffService" />
	</bean>
	<bean name="/pblsads" class="com.ldn.web.action.PblsadsAction">
		<property name="adsService" ref="adsService" />
	</bean>
	<bean name="/smain" class="com.ldn.web.action.SmainAction"></bean>
	<bean name="/mmain" class="com.ldn.web.action.MmainAction"></bean>
	<bean name="/nvchoose" class="com.ldn.web.action.NvchooseAction"></bean>
	<bean name="/mngnvch" class="com.ldn.web.action.MngnvchAction"></bean>
	<bean name="/adbyadname" class="com.ldn.web.action.AdbyadnameAction"></bean>
	<bean name="/mngadsdeal" class="com.ldn.web.action.MngadsdealAction"></bean>
	<bean name="/stabyname" class="com.ldn.web.action.StabynameAction"></bean>	
	<bean name="/headnavi" class="com.ldn.web.action.HeadnaviAction"></bean>





	<!-- 配置事务管理器，统一管理sessionFactory的事务 -->
	<bean id="txManager"
		class="org.springframework.orm.hibernate3.HibernateTransactionManager">
		<property name="sessionFactory" ref="sessionFactory" />
	</bean>

	<!-- 启用事务注解 -->
	<tx:annotation-driven transaction-manager="txManager" />

</beans>