<?xml version="1.0" encoding="utf-8"?>
<!DOCTYPE hibernate-mapping PUBLIC "-//Hibernate/Hibernate Mapping DTD 3.0//EN"
"http://hibernate.sourceforge.net/hibernate-mapping-3.0.dtd">
<!-- 
    Mapping file autogenerated by MyEclipse Persistence Tools
-->
<hibernate-mapping>
    <class name="com.ldn.domain.Ads" table="ads" catalog="coproject">
    	<cache usage="read-write"/>
        <id name="adsname" type="java.lang.String">
            <column name="adsname" length="100" />
            <generator class="assigned" />
        </id>
        <property name="adscon" type="java.lang.String">
            <column name="adscon" length="1000" />
        </property>
		        <property name="mngid" type="java.lang.String">
            <column name="mngid" length="10" />
        </property>
    </class>
</hibernate-mapping>
