<?xml version="1.0" encoding="utf-8"?>
<!DOCTYPE hibernate-mapping PUBLIC "-//Hibernate/Hibernate Mapping DTD 3.0//EN"
"http://hibernate.sourceforge.net/hibernate-mapping-3.0.dtd">
<!-- 
    Mapping file autogenerated by MyEclipse Persistence Tools
-->
<hibernate-mapping>
    <class name="com.ldn.domain.Manager" table="manager" catalog="coproject">
    	<cache usage="read-write"/>
        <id name="mngid" type="java.lang.String">
            <column name="mngid" length="10" />
            <generator class="assigned" />
        </id>
        <property name="mngpass" type="java.lang.String">
            <column name="mngpass" length="20" not-null="true" />
        </property>
        <set name="adss">
            <key>
                <column name="mngid" length="10" />
            </key>
            <one-to-many class="com.ldn.domain.Ads" />
        </set>
    </class>
</hibernate-mapping>
